model_display,recording_roc_auc,patient_roc_auc,recording_accuracy,patient_accuracy,recording_f1,patient_f1
Extra Trees,0.9023227371192256,1.0,0.8456642800318218,0.96875,0.5907172995780591,0.8
RBF SVM,0.9297296877105335,1.0,0.9085123309466984,0.9375,0.6666666666666666,0.5
Logistic Regression,0.8908386107109172,0.9655172413793104,0.7836117740652346,0.9375,0.5358361774744027,0.75
Residual Neural Network,0.9286491640841202,0.9655172413793104,0.9069212410501192,0.90625,0.6759002770083102,0.5714285714285714
Random Forest,0.9282293923155854,0.9540229885057472,0.8997613365155132,0.96875,0.6785714285714286,0.8
Elastic-Net Logistic,0.9002601548491412,0.9540229885057472,0.7883850437549722,0.90625,0.5445205479452054,0.4
Hist Gradient Boosting,0.9452223753899732,0.7931034482758621,0.9204455051710422,0.875,0.6875,0.3333333333333333
Neural Network,0.9280324623501,0.7126436781609196,0.9077167859984088,0.625,0.6795580110497238,0.25
Wide+Deep Neural Network,0.9362672443278988,0.4482758620689654,0.9164677804295944,0.40625,0.7107438016528925,0.0952380952380952
