search_stage,evaluation_split,n_clusters,aggregation,model,model_display,estimator_class,n_features,threshold,accuracy,roc_auc,f1,precision,recall,best_epoch
coarse,val,5,mean,mlp,Neural Network,TorchRegularizedHybridNetClassifier,5,0.5,0.5973244147157191,0.5787427101887975,0.3755186721991701,0.5746031746031746,0.2788906009244992,2
coarse,val,5,mean,residual_mlp,Residual Neural Network,TorchResidualHybridNetClassifier,5,0.5,0.5906354515050167,0.6046454447103563,0.425891181988743,0.5443645083932853,0.349768875192604,13
coarse,val,5,mean,wide_deep_mlp,Wide+Deep Neural Network,TorchWideDeepNetClassifier,5,0.5,0.5096989966555184,0.5805713099257996,0.5544072948328268,0.4578313253012048,0.7026194144838213,1
coarse,val,5,pca,mlp,Neural Network,TorchRegularizedHybridNetClassifier,5,0.5,0.6809364548494983,0.7005303667763099,0.5382381413359149,0.7239583333333334,0.4283513097072419,10
coarse,val,5,pca,residual_mlp,Residual Neural Network,TorchResidualHybridNetClassifier,5,0.5,0.6729096989966555,0.7002808466926751,0.5408450704225352,0.6923076923076923,0.4437596302003082,11
coarse,val,5,pca,wide_deep_mlp,Wide+Deep Neural Network,TorchWideDeepNetClassifier,5,0.5,0.676923076923077,0.7048687378654923,0.5203574975173784,0.7318435754189944,0.4036979969183359,8
coarse,val,5,max,mlp,Neural Network,TorchRegularizedHybridNetClassifier,5,0.5,0.6682274247491639,0.7305656638509145,0.5789473684210527,0.6446124763705104,0.5254237288135594,6
coarse,val,5,max,residual_mlp,Residual Neural Network,TorchResidualHybridNetClassifier,5,0.5,0.6755852842809364,0.7467516856265504,0.5471521942110178,0.6943127962085308,0.4514637904468413,2
coarse,val,5,max,wide_deep_mlp,Wide+Deep Neural Network,TorchWideDeepNetClassifier,5,0.5,0.6842809364548496,0.7310555974457885,0.6124794745484401,0.655536028119508,0.5747303543913713,16
coarse,val,5,min,mlp,Neural Network,TorchRegularizedHybridNetClassifier,5,0.5,0.6387959866220736,0.6740265984766525,0.4757281553398058,0.6430446194225722,0.3775038520801232,4
coarse,val,5,min,residual_mlp,Residual Neural Network,TorchResidualHybridNetClassifier,5,0.5,0.6367892976588628,0.6775198796475392,0.5156110615521855,0.6122881355932204,0.4453004622496148,11
coarse,val,5,min,wide_deep_mlp,Wide+Deep Neural Network,TorchWideDeepNetClassifier,5,0.5,0.6434782608695652,0.6936221209571372,0.540120793787748,0.6137254901960785,0.4822804314329738,9
coarse,val,5,std,mlp,Neural Network,TorchRegularizedHybridNetClassifier,5,0.5,0.6662207357859532,0.7262254714472529,0.5933170334148329,0.629757785467128,0.5608628659476117,6
coarse,val,5,std,residual_mlp,Residual Neural Network,TorchResidualHybridNetClassifier,5,0.5,0.6762541806020067,0.7227613313080316,0.5518518518518518,0.691415313225058,0.4591679506933744,3
coarse,val,5,std,wide_deep_mlp,Wide+Deep Neural Network,TorchWideDeepNetClassifier,5,0.5,0.6695652173913044,0.7247593132915888,0.5910596026490066,0.6386404293381037,0.5500770416024653,7
coarse,val,5,median,mlp,Neural Network,TorchRegularizedHybridNetClassifier,5,0.5,0.5919732441471572,0.5919253843884209,0.3737166324435318,0.56,0.2804314329738058,11
coarse,val,5,median,residual_mlp,Residual Neural Network,TorchResidualHybridNetClassifier,5,0.5,0.5979933110367893,0.5943368047587305,0.3446019629225736,0.5895522388059702,0.2434514637904468,9
coarse,val,5,median,wide_deep_mlp,Wide+Deep Neural Network,TorchWideDeepNetClassifier,5,0.5,0.6026755852842809,0.6000047354176455,0.3458149779735683,0.6061776061776062,0.2419106317411402,5
coarse,val,5,sum,mlp,Neural Network,TorchRegularizedHybridNetClassifier,5,0.5,0.611371237458194,0.6107860064765942,0.2673392181588903,0.7361111111111112,0.1633281972265023,1
coarse,val,5,sum,residual_mlp,Residual Neural Network,TorchResidualHybridNetClassifier,5,0.5,0.5732441471571906,0.5965150968757171,0.4363957597173145,0.5113871635610766,0.3805855161787365,12
coarse,val,5,sum,wide_deep_mlp,Wide+Deep Neural Network,TorchWideDeepNetClassifier,5,0.5,0.4916387959866221,0.5997971055670298,0.5957446808510638,0.454914703493095,0.8628659476117103,0
coarse,val,10,mean,mlp,Neural Network,TorchRegularizedHybridNetClassifier,10,0.5,0.6876254180602007,0.7510936993446911,0.6018755328218244,0.6736641221374046,0.5439137134052389,7
coarse,val,10,mean,residual_mlp,Residual Neural Network,TorchResidualHybridNetClassifier,10,0.5,0.682943143812709,0.7500701206074448,0.5934819897084048,0.6692456479690522,0.5331278890600925,9
coarse,val,10,mean,wide_deep_mlp,Wide+Deep Neural Network,TorchWideDeepNetClassifier,10,0.5,0.6842809364548496,0.7434296080166979,0.6,0.6666666666666666,0.5454545454545454,9
coarse,val,10,pca,mlp,Neural Network,TorchRegularizedHybridNetClassifier,10,0.5,0.6842809364548496,0.7178984216488724,0.5487571701720841,0.7229219143576826,0.4422187981510015,8
coarse,val,10,pca,residual_mlp,Residual Neural Network,TorchResidualHybridNetClassifier,10,0.5,0.6976588628762542,0.730662193518306,0.5971479500891266,0.7082452431289641,0.5161787365177196,8
coarse,val,10,pca,wide_deep_mlp,Wide+Deep Neural Network,TorchWideDeepNetClassifier,10,0.5,0.6936454849498328,0.7251527172190714,0.6051724137931035,0.6868884540117417,0.5408320493066255,18
coarse,val,10,max,mlp,Neural Network,TorchRegularizedHybridNetClassifier,10,0.5,0.6755852842809364,0.7383080717015085,0.5726872246696035,0.668724279835391,0.5007704160246533,4
coarse,val,10,max,residual_mlp,Residual Neural Network,TorchResidualHybridNetClassifier,10,0.5,0.6802675585284281,0.7350479187839447,0.5989932885906041,0.6574585635359116,0.5500770416024653,5
coarse,val,10,max,wide_deep_mlp,Wide+Deep Neural Network,TorchWideDeepNetClassifier,10,0.5,0.68561872909699,0.736410262014301,0.6023688663282571,0.6679174484052532,0.5485362095531587,7
coarse,val,10,min,mlp,Neural Network,TorchRegularizedHybridNetClassifier,10,0.5,0.6642140468227424,0.7225946810331954,0.5996810207336523,0.6214876033057851,0.5793528505392912,3
coarse,val,10,min,residual_mlp,Residual Neural Network,TorchResidualHybridNetClassifier,10,0.5,0.6622073578595318,0.713816855901241,0.5904298459042985,0.6232876712328768,0.5608628659476117,3
coarse,val,10,min,wide_deep_mlp,Wide+Deep Neural Network,TorchWideDeepNetClassifier,10,0.5,0.6595317725752509,0.7127550295599339,0.6314265025343954,0.5956284153005464,0.6718027734976888,4
coarse,val,10,std,mlp,Neural Network,TorchRegularizedHybridNetClassifier,10,0.5,0.6949832775919732,0.7335580835400526,0.625615763546798,0.6695957820738138,0.5870570107858244,7
coarse,val,10,std,residual_mlp,Residual Neural Network,TorchResidualHybridNetClassifier,10,0.5,0.676923076923077,0.7255716195492611,0.6157517899761337,0.6365131578947368,0.5963020030816641,2
coarse,val,10,std,wide_deep_mlp,Wide+Deep Neural Network,TorchWideDeepNetClassifier,10,0.5,0.7010033444816054,0.7325181129724945,0.6149870801033591,0.697265625,0.5500770416024653,4
coarse,val,10,median,mlp,Neural Network,TorchRegularizedHybridNetClassifier,10,0.5,0.68561872909699,0.7434605703628422,0.5927209705372617,0.6772277227722773,0.5269645608628659,7
coarse,val,10,median,residual_mlp,Residual Neural Network,TorchResidualHybridNetClassifier,10,0.5,0.6862876254180602,0.7459047743937754,0.623897353648757,0.6505016722408027,0.5993836671802774,8
coarse,val,10,median,wide_deep_mlp,Wide+Deep Neural Network,TorchWideDeepNetClassifier,10,0.5,0.6909698996655519,0.743178266618584,0.5792349726775956,0.7082405345211581,0.4899845916795069,6
coarse,val,10,sum,mlp,Neural Network,TorchRegularizedHybridNetClassifier,10,0.5,0.6909698996655519,0.7480229631329522,0.6017241379310345,0.6829745596868885,0.5377503852080123,7
coarse,val,10,sum,residual_mlp,Residual Neural Network,TorchResidualHybridNetClassifier,10,0.5,0.6896321070234114,0.745260029068179,0.6139767054908486,0.6672694394213382,0.5685670261941448,9
coarse,val,10,sum,wide_deep_mlp,Wide+Deep Neural Network,TorchWideDeepNetClassifier,10,0.5,0.6956521739130435,0.7426446214762119,0.6261298274445357,0.670774647887324,0.5870570107858244,13
coarse,val,15,mean,mlp,Neural Network,TorchRegularizedHybridNetClassifier,15,0.5,0.7137123745819398,0.7687549858483865,0.6303972366148531,0.7170923379174853,0.5624036979969184,15
coarse,val,15,mean,residual_mlp,Residual Neural Network,TorchResidualHybridNetClassifier,15,0.5,0.7076923076923077,0.7832908967059706,0.642681929681112,0.6846689895470384,0.6055469953775039,10
coarse,val,15,mean,wide_deep_mlp,Wide+Deep Neural Network,TorchWideDeepNetClassifier,15,0.5,0.711705685618729,0.7598378301587823,0.5998142989786444,0.7546728971962616,0.49768875192604,14
coarse,val,15,pca,mlp,Neural Network,TorchRegularizedHybridNetClassifier,15,0.5,0.7096989966555184,0.7487533102390658,0.6226086956521739,0.7145708582834331,0.551617873651772,14
coarse,val,15,pca,residual_mlp,Residual Neural Network,TorchResidualHybridNetClassifier,15,0.5,0.7190635451505016,0.7453092045591144,0.6118299445471349,0.7644341801385681,0.5100154083204931,6
coarse,val,15,pca,wide_deep_mlp,Wide+Deep Neural Network,TorchWideDeepNetClassifier,15,0.5,0.7036789297658863,0.7536945364208257,0.5924563017479301,0.7351598173515982,0.4961479198767334,19
coarse,val,15,max,mlp,Neural Network,TorchRegularizedHybridNetClassifier,15,0.5,0.6682274247491639,0.7168220247917326,0.5441176470588235,0.6742596810933941,0.4560862865947612,3
coarse,val,15,max,residual_mlp,Residual Neural Network,TorchResidualHybridNetClassifier,15,0.5,0.6635451505016723,0.7175378013820134,0.6091686091686092,0.6144200626959248,0.6040061633281972,12
coarse,val,15,max,wide_deep_mlp,Wide+Deep Neural Network,TorchWideDeepNetClassifier,15,0.5,0.6541806020066889,0.7132613549851199,0.5779591836734694,0.6145833333333334,0.5454545454545454,13
coarse,val,15,min,mlp,Neural Network,TorchRegularizedHybridNetClassifier,15,0.5,0.691638795986622,0.7623949556874188,0.5923961096374889,0.6950207468879668,0.5161787365177196,6
coarse,val,15,min,residual_mlp,Residual Neural Network,TorchResidualHybridNetClassifier,15,0.5,0.703010033444816,0.772628921745402,0.6007194244604317,0.7213822894168467,0.514637904468413,4
coarse,val,15,min,wide_deep_mlp,Wide+Deep Neural Network,TorchWideDeepNetClassifier,15,0.5,0.6929765886287625,0.7593296834191172,0.623461853978671,0.6666666666666666,0.5855161787365177,10
coarse,val,15,std,mlp,Neural Network,TorchRegularizedHybridNetClassifier,15,0.5,0.6842809364548496,0.7374866588714406,0.5716878402903811,0.695364238410596,0.485362095531587,4
coarse,val,15,std,residual_mlp,Residual Neural Network,TorchResidualHybridNetClassifier,15,0.5,0.6722408026755853,0.7192753353950613,0.5496323529411765,0.6810933940774487,0.460708782742681,3
coarse,val,15,std,wide_deep_mlp,Wide+Deep Neural Network,TorchWideDeepNetClassifier,15,0.5,0.6929765886287625,0.7271233794854421,0.6100254885301615,0.6799242424242424,0.5531587057010786,5
coarse,val,15,median,mlp,Neural Network,TorchRegularizedHybridNetClassifier,15,0.5,0.7150501672240802,0.7611874241877848,0.6127272727272727,0.7472283813747228,0.5192604006163328,11
coarse,val,15,median,residual_mlp,Residual Neural Network,TorchResidualHybridNetClassifier,15,0.5,0.7311036789297659,0.7615061542216248,0.6391382405745063,0.7655913978494624,0.5485362095531587,8
coarse,val,15,median,wide_deep_mlp,Wide+Deep Neural Network,TorchWideDeepNetClassifier,15,0.5,0.7143812709030101,0.7589818123536118,0.631578947368421,0.7176470588235294,0.5639445300462249,17
coarse,val,15,sum,mlp,Neural Network,TorchRegularizedHybridNetClassifier,15,0.5,0.7123745819397993,0.766219716093499,0.6214788732394366,0.7248459958932238,0.5439137134052389,19
coarse,val,15,sum,residual_mlp,Residual Neural Network,TorchResidualHybridNetClassifier,15,0.5,0.7224080267558528,0.7702684981805068,0.6491969568892646,0.7191011235955056,0.5916795069337443,21
coarse,val,15,sum,wide_deep_mlp,Wide+Deep Neural Network,TorchWideDeepNetClassifier,15,0.5,0.7103678929765886,0.765607754428526,0.6205083260297984,0.7195121951219512,0.5454545454545454,17
coarse,val,20,mean,mlp,Neural Network,TorchRegularizedHybridNetClassifier,20,0.5,0.7063545150501672,0.7592185832358931,0.628909551986475,0.6966292134831461,0.5731895223420647,20
coarse,val,20,mean,residual_mlp,Residual Neural Network,TorchResidualHybridNetClassifier,20,0.5,0.6903010033444816,0.7565558214674696,0.6059574468085106,0.6768060836501901,0.5485362095531587,14
coarse,val,20,mean,wide_deep_mlp,Wide+Deep Neural Network,TorchWideDeepNetClassifier,20,0.5,0.696989966555184,0.7511956929555198,0.6084701815038893,0.6929133858267716,0.5423728813559322,12
coarse,val,20,pca,mlp,Neural Network,TorchRegularizedHybridNetClassifier,20,0.5,0.7163879598662207,0.7618157776830694,0.6124314442413162,0.7528089887640449,0.5161787365177196,15
coarse,val,20,pca,residual_mlp,Residual Neural Network,TorchResidualHybridNetClassifier,20,0.5,0.7197324414715719,0.776317083565551,0.6464135021097046,0.7145522388059702,0.5901386748844376,14
coarse,val,20,pca,wide_deep_mlp,Wide+Deep Neural Network,TorchWideDeepNetClassifier,20,0.5,0.7290969899665551,0.780178270261213,0.6487424111014745,0.7420634920634921,0.576271186440678,20
coarse,val,20,max,mlp,Neural Network,TorchRegularizedHybridNetClassifier,20,0.5,0.6561872909698997,0.700599576726515,0.5591766723842195,0.6305609284332688,0.50231124807396,10
coarse,val,20,max,residual_mlp,Residual Neural Network,TorchResidualHybridNetClassifier,20,0.5,0.6668896321070235,0.7022369384432133,0.575809199318569,0.6438095238095238,0.5208012326656395,14
coarse,val,20,max,wide_deep_mlp,Wide+Deep Neural Network,TorchWideDeepNetClassifier,20,0.5,0.691638795986622,0.7052038597296442,0.5812897366030881,0.7079646017699115,0.4930662557781202,4
coarse,val,20,min,mlp,Neural Network,TorchRegularizedHybridNetClassifier,20,0.5,0.6876254180602007,0.7413369176802281,0.6150041220115416,0.6613475177304965,0.5747303543913713,6
coarse,val,20,min,residual_mlp,Residual Neural Network,TorchResidualHybridNetClassifier,20,0.5,0.6836120401337793,0.7329461218750797,0.578806767586821,0.6856540084388185,0.5007704160246533,12
coarse,val,20,min,wide_deep_mlp,Wide+Deep Neural Network,TorchWideDeepNetClassifier,20,0.5,0.6903010033444816,0.7443165881680126,0.592788038698329,0.6905737704918032,0.5192604006163328,14
coarse,val,20,std,mlp,Neural Network,TorchRegularizedHybridNetClassifier,20,0.5,0.6929765886287625,0.7449340137764228,0.611346316680779,0.6785714285714286,0.5562403697996918,6
coarse,val,20,std,residual_mlp,Residual Neural Network,TorchResidualHybridNetClassifier,20,0.5,0.6809364548494983,0.7406120345175521,0.5435406698564593,0.7171717171717171,0.4375963020030816,4
coarse,val,20,std,wide_deep_mlp,Wide+Deep Neural Network,TorchWideDeepNetClassifier,20,0.5,0.6849498327759197,0.7354904982023627,0.6051969823973177,0.6636029411764706,0.5562403697996918,6
coarse,val,20,median,mlp,Neural Network,TorchRegularizedHybridNetClassifier,20,0.5,0.711705685618729,0.7599125040524247,0.5998142989786444,0.7546728971962616,0.49768875192604,18
coarse,val,20,median,residual_mlp,Residual Neural Network,TorchResidualHybridNetClassifier,20,0.5,0.691638795986622,0.7496803593089204,0.6015557476231633,0.6850393700787402,0.5362095531587057,7
coarse,val,20,median,wide_deep_mlp,Wide+Deep Neural Network,TorchWideDeepNetClassifier,20,0.5,0.7003344481605351,0.7468026824319648,0.6077057793345009,0.7038539553752535,0.5346687211093991,24
coarse,val,20,sum,mlp,Neural Network,TorchRegularizedHybridNetClassifier,20,0.5,0.7076923076923077,0.7503032488607677,0.614977973568282,0.7181069958847737,0.5377503852080123,11
coarse,val,20,sum,residual_mlp,Residual Neural Network,TorchResidualHybridNetClassifier,20,0.5,0.7083612040133779,0.7560367468409299,0.6188811188811189,0.7151515151515152,0.5454545454545454,12
coarse,val,20,sum,wide_deep_mlp,Wide+Deep Neural Network,TorchWideDeepNetClassifier,20,0.5,0.7143812709030101,0.7600764223555424,0.6184092940125112,0.7361702127659574,0.5331278890600925,14
coarse,val,50,mean,mlp,Neural Network,TorchRegularizedHybridNetClassifier,50,0.5,0.7431438127090301,0.7972421656157681,0.6740237691001698,0.7504725897920604,0.6117103235747303,27
coarse,val,50,mean,residual_mlp,Residual Neural Network,TorchResidualHybridNetClassifier,50,0.5,0.7317725752508362,0.8037023680730857,0.6779116465863454,0.7080536912751678,0.650231124807396,20
coarse,val,50,mean,wide_deep_mlp,Wide+Deep Neural Network,TorchWideDeepNetClassifier,50,0.5,0.7404682274247492,0.8000305980832487,0.6788079470198676,0.7334525939177102,0.6317411402157165,26
coarse,val,50,pca,mlp,Neural Network,TorchRegularizedHybridNetClassifier,50,0.5,0.7665551839464882,0.8179432259850579,0.7132292522596549,0.7640845070422535,0.6687211093990755,26
coarse,val,50,pca,residual_mlp,Residual Neural Network,TorchResidualHybridNetClassifier,50,0.5,0.7531772575250836,0.8131640967919367,0.6886075949367089,0.7611940298507462,0.6286594761171033,16
coarse,val,50,pca,wide_deep_mlp,Wide+Deep Neural Network,TorchWideDeepNetClassifier,50,0.5,0.7491638795986622,0.8156993665468242,0.6918652423993427,0.7411971830985915,0.6486902927580893,21
coarse,val,50,max,mlp,Neural Network,TorchRegularizedHybridNetClassifier,50,0.5,0.7110367892976589,0.769213957097116,0.6538461538461539,0.6811352253756261,0.6286594761171033,10
coarse,val,50,max,residual_mlp,Residual Neural Network,TorchResidualHybridNetClassifier,50,0.5,0.7210702341137124,0.7890517144033191,0.638961038961039,0.7292490118577075,0.5685670261941448,10
coarse,val,50,max,wide_deep_mlp,Wide+Deep Neural Network,TorchWideDeepNetClassifier,50,0.5,0.7090301003344481,0.77223460716068,0.6528332003192339,0.6771523178807947,0.6302003081664098,18
coarse,val,50,min,mlp,Neural Network,TorchRegularizedHybridNetClassifier,50,0.5,0.7498327759197324,0.8190505851883422,0.6747826086956522,0.7744510978043913,0.5978428351309707,12
coarse,val,50,min,residual_mlp,Residual Neural Network,TorchResidualHybridNetClassifier,50,0.5,0.7444816053511706,0.8120913425637551,0.694888178913738,0.7213930348258707,0.6702619414483821,7
coarse,val,50,min,wide_deep_mlp,Wide+Deep Neural Network,TorchWideDeepNetClassifier,50,0.5,0.7451505016722408,0.8030612653764475,0.683291770573566,0.7418772563176895,0.6332819722650231,13
coarse,val,50,std,mlp,Neural Network,TorchRegularizedHybridNetClassifier,50,0.5,0.6996655518394649,0.7453456308486961,0.6376109765940274,0.6694915254237288,0.6086286594761171,3
coarse,val,50,std,residual_mlp,Residual Neural Network,TorchResidualHybridNetClassifier,50,0.5,0.6622073578595318,0.7278737610508257,0.5930701047542305,0.6216216216216216,0.5670261941448382,4
coarse,val,50,std,wide_deep_mlp,Wide+Deep Neural Network,TorchWideDeepNetClassifier,50,0.5,0.6655518394648829,0.7284620456275703,0.5888157894736842,0.6313932980599647,0.551617873651772,8
coarse,val,50,median,mlp,Neural Network,TorchRegularizedHybridNetClassifier,50,0.5,0.7565217391304347,0.8052468427513506,0.680140597539543,0.7914110429447853,0.5963020030816641,16
coarse,val,50,median,residual_mlp,Residual Neural Network,TorchResidualHybridNetClassifier,50,0.5,0.7418060200668897,0.8100787900643653,0.67779632721202,0.7395264116575592,0.6255778120184899,11
coarse,val,50,median,wide_deep_mlp,Wide+Deep Neural Network,TorchWideDeepNetClassifier,50,0.5,0.7418060200668897,0.8072266115901169,0.6856677524429967,0.7271157167530224,0.6486902927580893,29
coarse,val,50,sum,mlp,Neural Network,TorchRegularizedHybridNetClassifier,50,0.5,0.7438127090301003,0.8011725622616355,0.6613616268788682,0.7759336099585062,0.576271186440678,38
coarse,val,50,sum,residual_mlp,Residual Neural Network,TorchResidualHybridNetClassifier,50,0.5,0.728428093645485,0.7979324438033417,0.6582491582491582,0.725417439703154,0.6024653312788906,13
coarse,val,50,sum,wide_deep_mlp,Wide+Deep Neural Network,TorchWideDeepNetClassifier,50,0.5,0.7384615384615385,0.8083139363341311,0.6839126919967664,0.7193877551020408,0.6517719568567026,20
coarse,val,70,mean,mlp,Neural Network,TorchRegularizedHybridNetClassifier,70,0.5,0.7418060200668897,0.8120203112990707,0.6809917355371901,0.7344028520499108,0.6348228043143297,14
coarse,val,70,mean,residual_mlp,Residual Neural Network,TorchResidualHybridNetClassifier,70,0.5,0.7525083612040134,0.8109967325618245,0.7166921898928025,0.7123287671232876,0.7211093990755008,21
coarse,val,70,mean,wide_deep_mlp,Wide+Deep Neural Network,TorchWideDeepNetClassifier,70,0.5,0.7397993311036789,0.8011507064878864,0.667805294619983,0.7490421455938697,0.6024653312788906,8
coarse,val,70,pca,mlp,Neural Network,TorchRegularizedHybridNetClassifier,70,0.5,0.748494983277592,0.8193110331588513,0.6672566371681415,0.7837837837837838,0.5808936825885979,14
coarse,val,70,pca,residual_mlp,Residual Neural Network,TorchResidualHybridNetClassifier,70,0.5,0.7491638795986622,0.821549428653648,0.7072599531615925,0.7167721518987342,0.6979969183359014,17
coarse,val,70,pca,wide_deep_mlp,Wide+Deep Neural Network,TorchWideDeepNetClassifier,70,0.5,0.7538461538461538,0.8114994153580523,0.6988543371522095,0.7452006980802792,0.6579352850539292,17
coarse,val,70,max,mlp,Neural Network,TorchRegularizedHybridNetClassifier,70,0.5,0.7585284280936455,0.8215803909997923,0.6974015088013411,0.7647058823529411,0.6409861325115562,13
coarse,val,70,max,residual_mlp,Residual Neural Network,TorchResidualHybridNetClassifier,70,0.5,0.7464882943143812,0.8008975437752934,0.6729939603106126,0.7647058823529411,0.600924499229584,12
coarse,val,70,max,wide_deep_mlp,Wide+Deep Neural Network,TorchWideDeepNetClassifier,70,0.5,0.7290969899665551,0.8041413048625454,0.6793349168646081,0.6986970684039088,0.6610169491525424,11
coarse,val,70,min,mlp,Neural Network,TorchRegularizedHybridNetClassifier,70,0.5,0.7665551839464882,0.8280278442557563,0.6967854039965248,0.798804780876494,0.6178736517719569,17
coarse,val,70,min,residual_mlp,Residual Neural Network,TorchResidualHybridNetClassifier,70,0.5,0.7525083612040134,0.8203892513304702,0.6952224052718287,0.7469026548672566,0.650231124807396,5
coarse,val,70,min,wide_deep_mlp,Wide+Deep Neural Network,TorchWideDeepNetClassifier,70,0.5,0.7765886287625418,0.8298855850244239,0.7105719237435009,0.8118811881188119,0.6317411402157165,11
coarse,val,70,std,mlp,Neural Network,TorchRegularizedHybridNetClassifier,70,0.5,0.7023411371237458,0.7523813686814047,0.6476642913697546,0.6661237785016286,0.6302003081664098,9
coarse,val,70,std,residual_mlp,Residual Neural Network,TorchResidualHybridNetClassifier,70,0.5,0.6849498327759197,0.7308261118214237,0.6117065127782357,0.6578014184397163,0.5716486902927581,5
coarse,val,70,std,wide_deep_mlp,Wide+Deep Neural Network,TorchWideDeepNetClassifier,70,0.5,0.6889632107023411,0.7285112211185056,0.6029035012809565,0.6762452107279694,0.5439137134052389,6
coarse,val,70,median,mlp,Neural Network,TorchRegularizedHybridNetClassifier,70,0.5,0.7565217391304347,0.821212485475017,0.6946308724832215,0.7624309392265194,0.637904468412943,13
coarse,val,70,median,residual_mlp,Residual Neural Network,TorchResidualHybridNetClassifier,70,0.5,0.7591973244147158,0.8061156097578743,0.6880415944540728,0.7861386138613862,0.6117103235747303,15
coarse,val,70,median,wide_deep_mlp,Wide+Deep Neural Network,TorchWideDeepNetClassifier,70,0.5,0.7598662207357859,0.828066091859817,0.7088402270884022,0.7482876712328768,0.6733436055469953,21
coarse,val,70,sum,mlp,Neural Network,TorchRegularizedHybridNetClassifier,70,0.5,0.7518394648829432,0.8151966837505965,0.6826347305389222,0.7673076923076924,0.6147919876733436,15
coarse,val,70,sum,residual_mlp,Residual Neural Network,TorchResidualHybridNetClassifier,70,0.5,0.7538461538461538,0.8003584346894842,0.6708407871198568,0.7995735607675906,0.5778120184899846,14
coarse,val,70,sum,wide_deep_mlp,Wide+Deep Neural Network,TorchWideDeepNetClassifier,70,0.5,0.7605351170568562,0.8267128552018563,0.7001675041876047,0.7669724770642202,0.6440677966101694,19
coarse,val,90,mean,mlp,Neural Network,TorchRegularizedHybridNetClassifier,90,0.5,0.7538461538461538,0.824704855988664,0.6777583187390543,0.7849898580121704,0.5963020030816641,12
coarse,val,90,mean,residual_mlp,Residual Neural Network,TorchResidualHybridNetClassifier,90,0.5,0.7464882943143812,0.8191143311951102,0.6666666666666666,0.7766393442622951,0.5839753466872111,14
coarse,val,90,mean,wide_deep_mlp,Wide+Deep Neural Network,TorchWideDeepNetClassifier,90,0.5,0.7531772575250836,0.8092810543225257,0.6870229007633588,0.7641509433962265,0.6240369799691834,9
coarse,val,90,pca,mlp,Neural Network,TorchRegularizedHybridNetClassifier,90,0.5,0.7585284280936455,0.8335628189576981,0.7146245059288537,0.7337662337662337,0.6964560862865947,16
coarse,val,90,pca,residual_mlp,Residual Neural Network,TorchResidualHybridNetClassifier,90,0.5,0.7732441471571906,0.8371289527077482,0.7241659886086249,0.7672413793103449,0.6856702619414484,10
coarse,val,90,pca,wide_deep_mlp,Wide+Deep Neural Network,TorchWideDeepNetClassifier,90,0.5,0.7605351170568562,0.8270825820411107,0.6934931506849316,0.7803468208092486,0.6240369799691834,11
coarse,val,90,max,mlp,Neural Network,TorchRegularizedHybridNetClassifier,90,0.5,0.7518394648829432,0.8175170383969519,0.6793431287813311,0.7736220472440944,0.6055469953775039,10
coarse,val,90,max,residual_mlp,Residual Neural Network,TorchResidualHybridNetClassifier,90,0.5,0.7397993311036789,0.8071410098095998,0.6870474658085277,0.7188552188552189,0.6579352850539292,9
coarse,val,90,max,wide_deep_mlp,Wide+Deep Neural Network,TorchWideDeepNetClassifier,90,0.5,0.748494983277592,0.8057895944661181,0.6928104575163399,0.7373913043478261,0.6533127889060092,20
coarse,val,90,min,mlp,Neural Network,TorchRegularizedHybridNetClassifier,90,0.5,0.7424749163879598,0.8107544977361061,0.6678170836928387,0.7588235294117647,0.5963020030816641,11
coarse,val,90,min,residual_mlp,Residual Neural Network,TorchResidualHybridNetClassifier,90,0.5,0.7505016722408027,0.8119674931791773,0.6536675951717734,0.822429906542056,0.5423728813559322,8
coarse,val,90,min,wide_deep_mlp,Wide+Deep Neural Network,TorchWideDeepNetClassifier,90,0.5,0.7578595317725753,0.8241302312705125,0.717628705148206,0.7266982622432859,0.7087827426810478,18
coarse,val,90,std,mlp,Neural Network,TorchRegularizedHybridNetClassifier,90,0.5,0.6702341137123746,0.7092307860429029,0.5975510204081632,0.6354166666666666,0.5639445300462249,9
coarse,val,90,std,residual_mlp,Residual Neural Network,TorchResidualHybridNetClassifier,90,0.5,0.6775919732441471,0.7105075274927419,0.5942760942760943,0.6549165120593692,0.5439137134052389,9
coarse,val,90,std,wide_deep_mlp,Wide+Deep Neural Network,TorchWideDeepNetClassifier,90,0.5,0.6709030100334448,0.717104328535991,0.527831094049904,0.6997455470737913,0.423728813559322,5
coarse,val,90,median,mlp,Neural Network,TorchRegularizedHybridNetClassifier,90,0.5,0.7498327759197324,0.8182473855030653,0.6924342105263158,0.7425044091710759,0.6486902927580893,8
coarse,val,90,median,residual_mlp,Residual Neural Network,TorchResidualHybridNetClassifier,90,0.5,0.7505016722408027,0.810138893442175,0.6873428331936295,0.7536764705882353,0.6317411402157165,10
coarse,val,90,median,wide_deep_mlp,Wide+Deep Neural Network,TorchWideDeepNetClassifier,90,0.5,0.7411371237458194,0.8061556786764144,0.6793703396851698,0.7347670250896058,0.6317411402157165,10
coarse,val,90,sum,mlp,Neural Network,TorchRegularizedHybridNetClassifier,90,0.5,0.7404682274247492,0.8127342665748725,0.6782752902155887,0.7342908438061041,0.6302003081664098,18
coarse,val,90,sum,residual_mlp,Residual Neural Network,TorchResidualHybridNetClassifier,90,0.5,0.7418060200668897,0.8079933849858119,0.6856677524429967,0.7271157167530224,0.6486902927580893,13
coarse,val,90,sum,wide_deep_mlp,Wide+Deep Neural Network,TorchWideDeepNetClassifier,90,0.5,0.7498327759197324,0.8148324208547792,0.6786941580756014,0.7669902912621359,0.6086286594761171,13
coarse,val,110,mean,mlp,Neural Network,TorchRegularizedHybridNetClassifier,110,0.5,0.7471571906354515,0.8272191806270422,0.6791171477079796,0.7561436672967864,0.6163328197226502,9
coarse,val,110,mean,residual_mlp,Residual Neural Network,TorchResidualHybridNetClassifier,110,0.5,0.7558528428093646,0.8174551137046628,0.7096260938743039,0.7335526315789473,0.687211093990755,16
coarse,val,110,mean,wide_deep_mlp,Wide+Deep Neural Network,TorchWideDeepNetClassifier,110,0.5,0.7464882943143812,0.821108670549709,0.6890894175553732,0.7368421052631579,0.6471494607087828,9
coarse,val,110,pca,mlp,Neural Network,TorchRegularizedHybridNetClassifier,110,0.5,0.7665551839464882,0.8285815238573984,0.7029787234042553,0.785171102661597,0.6363636363636364,16
coarse,val,110,pca,residual_mlp,Residual Neural Network,TorchResidualHybridNetClassifier,110,0.5,0.7538461538461538,0.814593828658019,0.7046548956661316,0.7353433835845896,0.6764252696456087,15
coarse,val,110,pca,wide_deep_mlp,Wide+Deep Neural Network,TorchWideDeepNetClassifier,110,0.5,0.7478260869565218,0.8183056675663961,0.6912366912366913,0.7377622377622378,0.650231124807396,17
coarse,val,110,max,mlp,Neural Network,TorchRegularizedHybridNetClassifier,110,0.5,0.757190635451505,0.8234162759947109,0.6790450928381963,0.7966804979253111,0.5916795069337443,11
coarse,val,110,max,residual_mlp,Residual Neural Network,TorchResidualHybridNetClassifier,110,0.5,0.737123745819398,0.8078440371985269,0.6620808254514188,0.7490272373540856,0.5932203389830508,8
coarse,val,110,max,wide_deep_mlp,Wide+Deep Neural Network,TorchWideDeepNetClassifier,110,0.5,0.7678929765886288,0.8279276719594065,0.7110741049125728,0.7735507246376812,0.6579352850539292,24
coarse,val,110,min,mlp,Neural Network,TorchRegularizedHybridNetClassifier,110,0.5,0.7765886287625418,0.8311914675059284,0.7221297836938436,0.7848101265822784,0.6687211093990755,19
coarse,val,110,min,residual_mlp,Residual Neural Network,TorchResidualHybridNetClassifier,110,0.5,0.7551839464882943,0.8197599871779461,0.6778169014084507,0.7905544147843943,0.5932203389830508,5
coarse,val,110,min,wide_deep_mlp,Wide+Deep Neural Network,TorchWideDeepNetClassifier,110,0.5,0.7538461538461538,0.8181854608107764,0.6923076923076923,0.7568555758683729,0.637904468412943,17
coarse,val,110,std,mlp,Neural Network,TorchRegularizedHybridNetClassifier,110,0.5,0.6602006688963211,0.6889978034947384,0.5488454706927176,0.6477987421383647,0.4761171032357473,5
coarse,val,110,std,residual_mlp,Residual Neural Network,TorchResidualHybridNetClassifier,110,0.5,0.6367892976588628,0.6875079682508459,0.4498480243161094,0.6568047337278107,0.3420647149460709,3
coarse,val,110,std,wide_deep_mlp,Wide+Deep Neural Network,TorchWideDeepNetClassifier,110,0.5,0.6501672240802676,0.6806197568909433,0.5630743525480367,0.614963503649635,0.5192604006163328,5
coarse,val,110,median,mlp,Neural Network,TorchRegularizedHybridNetClassifier,110,0.5,0.7551839464882943,0.8181526771501528,0.6919191919191919,0.7625231910946196,0.6332819722650231,10
coarse,val,110,median,residual_mlp,Residual Neural Network,TorchResidualHybridNetClassifier,110,0.5,0.7397993311036789,0.8096016056708448,0.6498649864986499,0.7813852813852814,0.5562403697996918,9
coarse,val,110,median,wide_deep_mlp,Wide+Deep Neural Network,TorchWideDeepNetClassifier,110,0.5,0.7505016722408027,0.8157658445253109,0.6969943135662063,0.7371134020618557,0.6610169491525424,12
coarse,val,110,sum,mlp,Neural Network,TorchRegularizedHybridNetClassifier,110,0.5,0.7498327759197324,0.8193820644235358,0.6924342105263158,0.7425044091710759,0.6486902927580893,11
coarse,val,110,sum,residual_mlp,Residual Neural Network,TorchResidualHybridNetClassifier,110,0.5,0.7451505016722408,0.81692328987677,0.6779374471682164,0.7509363295880149,0.6178736517719569,8
coarse,val,110,sum,wide_deep_mlp,Wide+Deep Neural Network,TorchWideDeepNetClassifier,110,0.5,0.7498327759197324,0.8205167433440063,0.6993569131832797,0.7310924369747899,0.6702619414483821,19
coarse,val,130,mean,mlp,Neural Network,TorchRegularizedHybridNetClassifier,130,0.5,0.7672240802675585,0.8324226760937903,0.7005163511187608,0.7933723196881092,0.6271186440677966,21
coarse,val,130,mean,residual_mlp,Residual Neural Network,TorchResidualHybridNetClassifier,130,0.5,0.757190635451505,0.8158086454155694,0.7157400156617071,0.7277070063694268,0.7041602465331279,27
coarse,val,130,mean,wide_deep_mlp,Wide+Deep Neural Network,TorchWideDeepNetClassifier,130,0.5,0.7645484949832776,0.8386042174358077,0.7133550488599348,0.7564766839378239,0.674884437596302,12
coarse,val,130,pca,mlp,Neural Network,TorchRegularizedHybridNetClassifier,130,0.5,0.7745819397993311,0.8464049073497326,0.7275666936135813,0.7653061224489796,0.6933744221879815,14
coarse,val,130,pca,residual_mlp,Residual Neural Network,TorchResidualHybridNetClassifier,130,0.5,0.7551839464882943,0.8272829266338101,0.702922077922078,0.7427101200686106,0.6671802773497689,9
coarse,val,130,pca,wide_deep_mlp,Wide+Deep Neural Network,TorchWideDeepNetClassifier,130,0.5,0.7705685618729097,0.839585905940035,0.7100591715976331,0.7865168539325843,0.6471494607087828,17
coarse,val,130,max,mlp,Neural Network,TorchRegularizedHybridNetClassifier,130,0.5,0.7732441471571906,0.8433705974275755,0.7303102625298329,0.7549342105263158,0.7072419106317411,18
coarse,val,130,max,residual_mlp,Residual Neural Network,TorchResidualHybridNetClassifier,130,0.5,0.7591973244147158,0.8266454665661301,0.7029702970297029,0.7566607460035524,0.6563944530046225,11
coarse,val,130,max,wide_deep_mlp,Wide+Deep Neural Network,TorchWideDeepNetClassifier,130,0.5,0.7745819397993311,0.833138452684071,0.7230895645028759,0.7746478873239436,0.6779661016949152,12
coarse,val,130,min,mlp,Neural Network,TorchRegularizedHybridNetClassifier,130,0.5,0.7712374581939799,0.8443049317553464,0.7116357504215851,0.7858472998137802,0.650231124807396,22
coarse,val,130,min,residual_mlp,Residual Neural Network,TorchResidualHybridNetClassifier,130,0.5,0.7605351170568562,0.830526687721062,0.6966101694915254,0.7740112994350282,0.6332819722650231,11
coarse,val,130,min,wide_deep_mlp,Wide+Deep Neural Network,TorchWideDeepNetClassifier,130,0.5,0.7698996655518394,0.8409045376228931,0.7175697865353038,0.7680140597539543,0.6733436055469953,13
coarse,val,130,std,mlp,Neural Network,TorchRegularizedHybridNetClassifier,130,0.5,0.565886287625418,0.513334753958627,0.0,0.0,0.0,6
coarse,val,130,std,residual_mlp,Residual Neural Network,TorchResidualHybridNetClassifier,130,0.5,0.5297658862876254,0.5111874241877847,0.2977022977022977,0.4232954545454545,0.2295839753466872,2
coarse,val,130,std,wide_deep_mlp,Wide+Deep Neural Network,TorchWideDeepNetClassifier,130,0.5,0.4341137123745819,0.5152252783879182,0.605410447761194,0.4341137123745819,1.0,0
coarse,val,130,median,mlp,Neural Network,TorchRegularizedHybridNetClassifier,130,0.5,0.7585284280936455,0.8260863230210507,0.7072181670721817,0.7465753424657534,0.6718027734976888,11
coarse,val,130,median,residual_mlp,Residual Neural Network,TorchResidualHybridNetClassifier,130,0.5,0.7725752508361204,0.8317105421324678,0.7171381031613977,0.779385171790235,0.6640986132511556,9
coarse,val,130,median,wide_deep_mlp,Wide+Deep Neural Network,TorchWideDeepNetClassifier,130,0.5,0.777257525083612,0.8442175086603504,0.7342378292098962,0.7615894039735099,0.7087827426810478,18
coarse,val,130,sum,mlp,Neural Network,TorchRegularizedHybridNetClassifier,130,0.5,0.7518394648829432,0.8336793830843596,0.687973086627418,0.7574074074074074,0.6302003081664098,10
coarse,val,130,sum,residual_mlp,Residual Neural Network,TorchResidualHybridNetClassifier,130,0.5,0.7665551839464882,0.8279877753372165,0.7210231814548361,0.7491694352159468,0.6949152542372882,20
coarse,val,130,sum,wide_deep_mlp,Wide+Deep Neural Network,TorchWideDeepNetClassifier,130,0.5,0.7732441471571906,0.8469549443224165,0.7134404057480981,0.7902621722846442,0.650231124807396,13
